Campaign_Goal,Campaigns,Avg_ROI,Avg_Conv,Avg_Cost,Avg_Engagement
Brand Awareness,72177,3.1726836940619063,0.07999534871358707,,4.357125770784606
Increase Sales,71866,3.178511447311565,0.07992889825647319,,4.373944479276443
Market Expansion,71712,3.169548823580839,0.08022044168595086,,4.372222742412284
Product Launch,71949,3.1900076605451897,0.07989364254298281,,4.373623883779821
