Location,Impressions,Clicks,Avg_ROI,Avg_Conv
New York,3353377988,1086487409,3.189703224513315,0.08004694365091297
Miami,3386875313,1097330046,3.1793522639139935,0.07984761209143275
Las Vegas,3344789416,1083538890,3.176498766689714,0.07991411207286243
Los Angeles,3376141011,1093919441,3.1742268373597455,0.08034614236928485
Austin,3349087188,1084825325,3.1686882043636957,0.07989039081688916
