Channel_Used,Impressions,Clicks,Avg_ROI,Avg_Conv,Avg_Cost,Avg_Engagement
Facebook,4617307456,1520264076,3.9869295141291046,0.07987001756159864,,5.478393911979139
Instagram,4602504047,1515298729,4.008785901652441,0.0797643173859203,,5.507649698406146
Pinterest,2987239617,894768249,0.7164312552725379,0.08004222050558057,,1.0
Twitter,4603219796,1515770057,4.00223621287825,0.08036328077907116,,5.495760384713273
